No.,Start,End,Peptide,Length
1,11,16,HMIVAK,6
2,22,27,SLLFKT,6
3,33,39,MCTLIAM,7
4,50,58,TYKCPLIAE,9
5,92,100,SVALAPHVG,9
6,133,145,FTILALFLAYAIG,13
7,150,163,QRTVIFILLMLVAP,14
8,186,199,WVDVVLEHGSCVTT,14
9,222,229,LRKYCIEA,8
10,255,260,NYVCRR,6
11,276,289,KGSLVTCAKFSCKK,14
12,293,299,GKIVQYE,7
13,302,310,KYTVIVTVH,9
14,331,342,TPQAPTVEAQLP,12
15,346,352,TLTLDCS,7
16,371,377,AWLVHRQ,7
17,379,385,FLDLPLP,7
18,401,407,ELLVTFK,7
19,413,421,KQDVVVLGS,9
20,446,452,AGHLKCR,7
21,484,492,GTILIKVKY,9
22,496,506,DAPCKIPFSIR,11
23,541,553,DSYIVIGVGPKAL,13
24,591,597,VGGVFTS,7
25,599,617,GKAVHQVFGSAYTALFSGV,19
26,624,631,LIGVLLTW,8
