Peptide,Antigenicity_score,peptide_length
IAVGNITLY,1.1741,9
MGLETRTETW,1.0138,10
LPDYGTLTL,0.7577,9
KNKAWLVHR,0.8356,9
QERGKSLLF,0.9277,9
ILIGVLLTW,0.8521,9
ETQHGTILIK,0.988,10
AEPEDIDCW,1.0311,9
EVAETQHGTI,0.7854,10
ALAPHVGMGL,1.1578,10
DTAWDFGSV,1.9031,9
ETQHGTILI,0.6346,9
HVGMGLETR,2.5435,9
YENLKYTVI,0.9597,9
WTMKILIGV,0.6229,9
RLKGMSYAM,0.819,9
TITPQAPTV,0.6178,9
NRKELLVTFKNPHAK,0.6735,15
IEGKIVQYENLKYTV,0.8233,15
GDSYIVIGVGPKALK,1.0126,15
APTVEAQLPDYGTLT,0.7503,15
ANPIVTDKEKPVNIE,1.1526,15
TANPIVTDKEKPVNI,0.9958,15
ITANPIVTDKEKPVN,0.7971,15
FGDSYIVIGVGPKAL,1.0258,15
PTVEAQLPDYGTLTL,0.8324,15
NPIVTDKEKPVNIEA,1.0504,15
ISNITTDSRCPTQGE,0.9046,15
WNRKELLVTFKNPHA,0.9073,15
RRMAILGDTAWDFGS,1.2873,15
RMAILGDTAWDFGSV,1.445,15
SNITTDSRCPTQGEP,0.9075,15
ARRMAILGDTAWDFG,1.2953,15
IKVKYEGADAPCKIP,0.786,15
KVKYEGADAPCKIPF,0.6465,15
PIVTDKEKPVNIEAE,1.1775,15
KKQDVVVLGSQEGAM,0.9106,15
IAVGNITLYLGAMVQ,0.8804,15
VTATITPQAPTVEAQ,0.9284,15
NLKYTVIVTVHTGDQ,1.0736,15
LIAEAEPED,0.8762,9
TQTGEHRRDKRSVALAPHVGMGLETRTETWMSSEGAWKHIQR,0.8048,42
ITTDSRCPTQGEPNLNEEQDQNYVCRRTNVDRGWGN,0.6088,36
ALKLNWFKKGSSI,0.81,13
EAEPEDI,1.6084,7
TCTQTGEHRRDK,0.9641,12
ITTDSRCPTQGEPNLNEEQDQN,0.7946,22
IVTDKEKPVNIEAEPPFGD,0.9866,19
TGEHRRDKR,1.0256,9
QLPDYG,0.9764,6
NWFKKG,0.6728,6
MCTLIAM,0.6771,7
FTILALFLAYAIG,0.7394,13
KGSLVTCAKFSCKK,0.6313,14
KYTVIVTVH,0.8077,9
AWLVHRQ,0.823,7
DAPCKIPFSIR,0.908,11
LIGVLLTW,0.7306,8
